{
  "density": 0.4904895891191308,
  "neural": 0.6021993763688016,
  "montecarlo": 0.9711647059426145,
  "information_gain": 0.0,
  "opponent_model": 0.5145790072743006
}